uuid,Void/Retire,Fully specified name:en,Description:en,Data class,Data type,Answers,Members,Same as mappings,Short name:en,Fully specified name:es,Short name:es,Fully specified name:fr,Short name:fr,Fully specified name:ht,Short name:ht,Absolute high,Critical high,Normal high,Absolue low,Critical low,Normal low,Units,Display precision,Allow decimals,Complex data handler
cf82933b-3f3f-45e7-a5ab-5d31aaee3da3,,True,,Misc,N/A,,,,,,,,,,,,,,,,,,,,
488b58ff-64f5-4f8a-8979-fa79940b1594,,False,,Misc,N/A,,,,,,,,,,,,,,,,,,,,
166025AAAAAAAAAAAAAAAAAAAAAAAAAAAAAA,,Sex at birth,,Question,Coded,,,,,,,,,,,,,,,,,,,,
163266AAAAAAAAAAAAAAAAAAAAAAAAAAAAAA,,Current health facility,A reference to the same facility the patient was seen in. A generic answer.,Misc,Text,,,,,,,Clinic actuelle,,Klinik sa a,,,,,,,,,,,
160479AAAAAAAAAAAAAAAAAAAAAAAAAAAAAA,,Private health care clinic/facility,,Misc,Text,,,SNOMED-CT:394794000,,,,,,,,,,,,,,,,,
165091AAAAAAAAAAAAAAAAAAAAAAAAAAAAAA,,Long duration,Characterization of a time period involving an extended period of time.,Misc,Text,,,SNOMED-CT:260384008,,,,,,,,,,,,,,,,,
164352AAAAAAAAAAAAAAAAAAAAAAAAAAAAAA,,Relationship to patient,,Question,Coded,,,,,,,Lien avec le patient,,Lyen,,,,,,,,,,,
164164AAAAAAAAAAAAAAAAAAAAAAAAAAAAAA,,Surgical Outpatient Department,,Misc,Text,,,SNOMED-CT:405607001,SOPD,,,,,,,,,,,,,,,,
159937AAAAAAAAAAAAAAAAAAAAAAAAAAAAAA,,Maternal and child health program,The program which deals with the health issues of mother and children.,Misc,N/A,,,,MCH program,,,Programme de santÃ© maternelle et infantile,,Pwogram sante matÃ¨nÃ¨l ak pitit,,,,,,,,,,,
165090AAAAAAAAAAAAAAAAAAAAAAAAAAAAAA,,Recent,"A description of time frame, implying something occurring close to the present time.",Misc,Text,,,SNOMED-CT:6493001,,,,,,,,,,,,,,,,,
165092AAAAAAAAAAAAAAAAAAAAAAAAAAAAAA,,HIV-1 recent infection algorithm result,,Question,Coded,Long duration;Recent,,,,,,,,,,,,,,,,,,,
165197AAAAAAAAAAAAAAAAAAAAAAAAAAAAAA,,Province of residence,Name of province of residence.,Question,Text,,,,,,,Departement,,Depatman,,,,,,,,,,,
159799AAAAAAAAAAAAAAAAAAAAAAAAAAAAAA,,cough lasting more than 2 weeks,Patient has had a cough lasting more than two weeks as positive screening question for Tuberculosis.,Symptom/Finding,Text,,,PIH:2573;SNOMED-MVP:1597991000105004,,,,Toux durant plus de deux semaines,,tous ki dire plis pase 2 semÃ¨n,,,,,,,,,,,
162724AAAAAAAAAAAAAAAAAAAAAAAAAAAAAA,,Health facility name,Generic field to capture a health facility name,Question,Text,,,,,,,nom de l'Ã©tablissement de santÃ©,,Non etablisman Sante,,,,,,,,,,,
164400AAAAAAAAAAAAAAAAAAAAAAAAAAAAAA,,HIV test date,When was the HIV test performed?,Question,Date,,,,,,,,,,,,,,,,,,,,
160578AAAAAAAAAAAAAAAAAAAAAAAAAAAAAA,,Male who has sex with men,Risk factor for HIV,Finding,N/A,,,,MSM,,,,,,,,,,,,,,,,
166103AAAAAAAAAAAAAAAAAAAAAAAAAAAAAA,,Last name,,Question,Text,,,PIH:2724;SNOMED-CT:397678008,,,,,,,,,,,,,,,,,
161359AAAAAAAAAAAAAAAAAAAAAAAAAAAAAA,,Private home-based care,,Misc,N/A,,,SNOMED-CT:66280005,,,,,,,,,,,,,,,,,
160541AAAAAAAAAAAAAAAAAAAAAAAAAAAAAA,,Tuberculosis treatment program,,Misc,N/A,,,,TB Program,,,Programme de la tuberculose,,,,,,,,,,,,,
160542AAAAAAAAAAAAAAAAAAAAAAAAAAAAAA,,Outpatient department,,Misc,N/A,,,AMPATH:1965;PIH:1651;SNOMED-CT:33022008,,,,Service de consultation externe,,Depatman ekstÃ¨n,,,,,,,,,,,
159938AAAAAAAAAAAAAAAAAAAAAAAAAAAAAA,,Home based HIV testing program,,Misc,Text,,,,HCT program,,,Programme de dÃ©pistage du VIH Ã  domicile,,Pwogram tÃ¨s VIH sante kominote,,,,,,,,,,,
159939AAAAAAAAAAAAAAAAAAAAAAAAAAAAAA,,mobile voluntary counseling and testing program,,Misc,Coded,,,,mobile VCT program,,,,,,,,,,,,,,,,
159635AAAAAAAAAAAAAAAAAAAAAAAAAAAAAA,,Contact phone number,Telephone number to contact person.,Question,Text,,,org.openmrs.module.mdrtb:TELEPHONE NUMBER;SNOMED-CT:184103008,,,,TÃ©lÃ©phone de la personne Ã  contacter,,TelefÃ²n moun pou kontakte,,,,,,,,,,,
160579AAAAAAAAAAAAAAAAAAAAAAAAAAAAAA,,Sex worker,,Finding,Coded,,,SNOMED-CT:53713009,,,,Travailleuse du sexe,,Bouzen,,,,,,,,,,,
166102AAAAAAAAAAAAAAAAAAAAAAAAAAAAAA,,First name,,Question,Text,,,PIH:2725;SNOMED-CT:408677003,,,,,,,,,,,,,,,,,
164163AAAAAAAAAAAAAAAAAAAAAAAAAAAAAA,,Provider-initiated HIV testing and counseling,HIV test offer under provider-initiated counseling and testing guidelines,Procedure,Coded,,,,,,,,,,,,,,,,,,,,
165089AAAAAAAAAAAAAAAAAAAAAAAAAAAAAA,,HIV-1 rapid recency assay,,Test,N/A,,,,,,,,,,,,,,,,,,,,
165915AAAAAAAAAAAAAAAAAAAAAAAAAAAAAA,,"Country of residence, coded",,Finding,Coded,,,SNOMED-CT:416647007,,,,,,,,,,,,,,,,,
160082AAAAAAAAAAAAAAAAAAAAAAAAAAAAAA,,HIV test result received date,When did the patient receive the HIV test result?,Misc,Date,,,,,,,,,,,,,,,,,,,,
159940AAAAAAAAAAAAAAAAAAAAAAAAAAAAAA,,Voluntary counseling and testing center,The office of the VCT program for HIV.,Misc,Text,,,,VCT center,,,Conseil volontaires et le centre d'essai,,Sant konsÃ¨y volontÃ¨ ak tÃ¨s,,,,,,,,,,,
133027AAAAAAAAAAAAAAAAAAAAAAAAAAAAAA,,Night sweats,"Sleep hyperhidrosis, more commonly known as the night sweats, is the occurrence of excessive sweating (hyperhidrosis) during sleep. The sufferer may or may not also suffer from excessive perspiration while awake. Sleep hyperhidrosis may occur at any age, but is most commonly seen in early adulthood.
\nref: http://en.wikipedia.org/wiki/Night_sweats",Diagnosis,Boolean,,,3BT:10063085;AMPATH:6029;ICPC2:A09;IMO-ProblemIT:50760;PIH:6029;SNOMED-CT:42984000,,sudoraciÃ³n nocturna,,Sueurs nocturnes,,Sue lannuit,,,,,,,,,,,
135704AAAAAAAAAAAAAAAAAAAAAAAAAAAAAA,,Lives alone,,Diagnosis,Text,,,ICD-10-WHO:Z60.2;IMO-ProblemIT:35329;SNOMED-CT:105529008,,vive solo,,Vit seul,,Viv pou kont li,,,,,,,,,,,
138905AAAAAAAAAAAAAAAAAAAAAAAAAAAAAA,,Hemoptysis,Bronchial hemorrhage manifested with spitting of blood.,Diagnosis,Text,,,3BT:10040493;AMPATH:967;ICD-10-WHO:R04.2;ICPC2:R24;IMO-ProblemIT:27441;PIH:970;SNOMED-CT:66857006,,hemoptisis,,HÃ©moptysie,,Emoptysis,,,,,,,,,,,
5489AAAAAAAAAAAAAAAAAAAAAAAAAAAAAAAA,,Mental health services,none,Misc,Text,,,AMPATH:5489;SNOMED-CT:390808007,,,,,,,,,,,,,,,,,
5555AAAAAAAAAAAAAAAAAAAAAAAAAAAAAAAA,,Married,Wedded to another person.,Finding,Text,,,AMPATH:5555;SNOMED-CT:87915002,,,,MariÃ©,,Marie,,,,,,,,,,,
5485AAAAAAAAAAAAAAAAAAAAAAAAAAAAAAAA,,Inpatient care or hospitalization,none,Misc Order,Text,,,AMPATH:5485;PIH:1429;SNOMED-CT:394656005,,,,Patient hospitalisÃ©,,EntÃ¨ne lopital,,,,,,,,,,,
5484AAAAAAAAAAAAAAAAAAAAAAAAAAAAAAAA,,Nutritional support,Nutritional counseling or support for patient or patient's family,Procedure,Coded,,,AMPATH:5484;PIH:1400;SNOMED-CT:278906000,,,,soutien nutritionnel,,sipo pou mange,,,,,,,,,,,
5483AAAAAAAAAAAAAAAAAAAAAAAAAAAAAAAA,,Family planning services,none,Procedure,Boolean,,,AMPATH:5483;SNOMED-CT:310031001,,,,Service de Planification familaile,,Sevis planin,,,,,,,,,,,
5576AAAAAAAAAAAAAAAAAAAAAAAAAAAAAAAA,,ARV for mother,ARVs given for PMTCT to mother during antenatal period. See concept 159595 for during labor and delivery.,Procedure,Boolean,,,AMPATH:5576;PIH:1446;SNOMED-MVP:55761000105009,,,,ARV pour les mÃ¨res,,,,,,,,,,,,,
5486AAAAAAAAAAAAAAAAAAAAAAAAAAAAAAAA,,Social support services,none,Misc,Numeric,,,AMPATH:5486;SNOMED-MVP:54861000105000,,,,Services de soutien social,,SÃVIS SIPÃ SOSYAL,,,,,,,,,,0,
1459AAAAAAAAAAAAAAAAAAAAAAAAAAAAAAAA,,Diagnostic testing and counseling for HIV,Referral for diagnostic testing and counseling (DTC),Misc Order,Boolean,,,AMPATH:2177,DTC,,,Test de diagnostic et Conseil POUR VIH,,,,,,,,,,,,,
1710AAAAAAAAAAAAAAAAAAAAAAAAAAAAAAAA,,Informed consent,Documentation that someone has given informed consent,Question,Boolean,,,SNOMED-CT:182771004,Informed consent,,,Consentement donnÃ©,,,,,,,,,,,,,
1370AAAAAAAAAAAAAAAAAAAAAAAAAAAAAAAA,,Voluntary counseling and testing for HIV,,Misc Order,Boolean,,,,VCT HIV,,,VCT pour VIH,,,,,,,,,,,,,
1288AAAAAAAAAAAAAAAAAAAAAAAAAAAAAAAA,,Alcohol counseling,,Misc Order,Coded,,,AMPATH:1288;SNOMED-CT:413473000,,,,Aide pour abus d'alcool,,,,,,,,,,,,,
1455AAAAAAAAAAAAAAAAAAAAAAAAAAAAAAAA,,Tobacco use counseling,"Counseling for the cessation of tobacco use, including smoking, chewing tobacco, etc.",Misc Order,Coded,,,SNOMED-CT:408939007,Tobacco counseling,,,Conseil Ã l'usage du tabac,,,,,,,,,,,,,
1494AAAAAAAAAAAAAAAAAAAAAAAAAAAAAAAA,,Fever lasting more than three weeks,,Diagnosis,Boolean,,,,,,,FiÃ¨vre de plus de trois semaines,,,,,,,,,,,,,
159800AAAAAAAAAAAAAAAAAAAAAAAAAAAAAA,,"Tuberculosis, review of screening questions",,Question,Coded,cough lasting more than 2 weeks;Fever lasting more than three weeks;Hemoptysis;Night sweats,,,,,,,,,,,,,,,,,,,
1138AAAAAAAAAAAAAAAAAAAAAAAAAAAAAAAA,,Indeterminate,"Descriptive term: not precisely defined, determinable, or established.",Misc,Text,,,AMPATH:1138;SNOMED-CT:82334004,,,,IndÃ©terminÃ©,,Endetemine,,,,,,,,,,,
1611AAAAAAAAAAAAAAAAAAAAAAAAAAAAAAAA,,Referral for opportunistic infection treatment,Referral to another institution for the purpose of evaluation or treatment of opportunistic infection (OI).,Misc Order,Text,,,SNOMED-MVP:16111000105007,,,,Consultation pour traitement d'infection,,,,,,,,,,,,,
5622AAAAAAAAAAAAAAAAAAAAAAAAAAAAAAAA,,Other non-coded,"A generic, descriptive answer which is a handwritten, non-coded response to a question.",Misc,N/A,,,AMPATH:5622;org.openmrs.module.mdrtb:OTHER;PIH:5622;PIH-Malawi:6408;SNOMED-MVP:56221000105001,,,,,,,,,,,,,,,,,
159936AAAAAAAAAAAAAAAAAAAAAAAAAAAAAA,,point of HIV testing,Where was the patient tested for his/her HIV status? Similar to concept 160540 Method of enrollment or Care entry point.,Finding,Coded,Current health facility;Diagnostic testing and counseling for HIV;Home based HIV testing program;Inpatient care or hospitalization;Maternal and child health program;mobile voluntary counseling and testing program;Other non-coded;Outpatient department;Tuberculosis treatment program;Voluntary counseling and testing center,,,,,,,,,,,,,,,,,,,
1374AAAAAAAAAAAAAAAAAAAAAAAAAAAAAAAA,,Dental care referral,,Misc Order,Boolean,,,SNOMED-CT:103697008,Dental care,,,RÃ©fÃ©rence traitement dentaire,,,,,,,,,,,,,
1275AAAAAAAAAAAAAAAAAAAAAAAAAAAAAAAA,,Health center hospital,"Low acuity, short stay ""hospitals"" that are related to each clinical site.",Misc,N/A,,,AMPATH:1275;SNOMED-MVP:12751000105006,,,,,,,,,,,,,,,,,
1167AAAAAAAAAAAAAAAAAAAAAAAAAAAAAAAA,,Disclosure counseling,,Misc,Text,,,AMPATH:1167;SNOMED-MVP:11671000105001,,,,Assistance au devoilement,,Konsey sou devwalman,,,,,,,,,,,
1304AAAAAAAAAAAAAAAAAAAAAAAAAAAAAAAA,,Poor sample quality,,Misc,Text,,,AMPATH:1304;SNOMED-MVP:13041000105002,Psq,,,Echantillon de pauvre qualitÃ©,,ECHANTIYON kalite PÃ²v,,,,,,,,,,,
1373AAAAAAAAAAAAAAAAAAAAAAAAAAAAAAAA,,Ophthalmology referral,,Misc Order,Boolean,,,SNOMED-CT:183543004,Eye care,,,RÃ©fÃ©rence en ophtalmologie,,,,,,,,,,,,,
1371AAAAAAAAAAAAAAAAAAAAAAAAAAAAAAAA,,Prenatal care referral,,Misc Order,Boolean,,,SNOMED-CT:183548008,Prenatal Care,,,Soins PrÃ©natal,,swen pendan groses,,,,,,,,,,,
1056AAAAAAAAAAAAAAAAAAAAAAAAAAAAAAAA,,Separated,Answer which describes a type of civil status.,Misc,Text,,,AMPATH:1056;SNOMED-CT:13184001,,,,SÃ©parÃ©,,Separe,,,,,,,,,,,
1059AAAAAAAAAAAAAAAAAAAAAAAAAAAAAAAA,,Widowed,Answer which describes a type of civil status.,Misc,Text,,,AMPATH:1059;SNOMED-CT:33553000,,,,Veuf/veuve,,VÃ¨f/vÃ¨v,,,,,,,,,,,
1354AAAAAAAAAAAAAAAAAAAAAAAAAAAAAAAA,,Village,Village is the name of the location of residence. May also be called a city.,Question,Text,,,AMPATH:5940;PIH:2710;SNOMED-CT:433178008,Village,,,Commune,,Komin,,,,,,,,,,,
1492AAAAAAAAAAAAAAAAAAAAAAAAAAAAAAAA,,History of HIV test,In past 12 months,Question,Boolean,,,,,,,Historique du test de VIH,,,,,,,,,,,,,
1058AAAAAAAAAAAAAAAAAAAAAAAAAAAAAAAA,,Divorced,Answer which describes a type of civil status.,Misc,Text,,,AMPATH:1058;SNOMED-CT:20295000,,,,Divorce,,Divose,,,,,,,,,,,
1057AAAAAAAAAAAAAAAAAAAAAAAAAAAAAAAA,,Never married,Answer which describes a type of civil status.,Misc,Text,,,AMPATH:1057;SNOMED-CT:125725006,,,,Jamais mariÃ©(e) (cÃ©libataire),,Pa janm marie,,,,,,,,,,,
1372AAAAAAAAAAAAAAAAAAAAAAAAAAAAAAAA,,Postnatal care referral,,Misc Order,Boolean,,,SNOMED-CT:183861004,Postnatal Care,,,Consultation soins prÃ©nataux,,,,,,,,,,,,,
1473AAAAAAAAAAAAAAAAAAAAAAAAAAAAAAAA,,Name of health care provider,,Question,Text,,,PIH:1392,,,,Nom du prestataire de service,,Non founisÃ¨ swen sante,,,,,,,,,,,
1060AAAAAAAAAAAAAAAAAAAAAAAAAAAAAAAA,,Living with partner,Answer which describes a type of civil status.,Misc,Text,,,AMPATH:1060;SNOMED-CT:408821002,,,,Vit maritalement,,Viv ak patnÃ¨,,,,,,,,,,,
1054AAAAAAAAAAAAAAAAAAAAAAAAAAAAAAAA,,Civil status,"More detailed description of the following encounter form question:  ""Are you currently married or living with a partner?""",Question,Coded,Divorced;Lives alone;Living with partner;Married;Never married;Other non-coded;Separated;Widowed,,AMPATH:1054;PIH:3350;PIH-Malawi:1054;SNOMED-CT:365581002,Civ_stat,,,Ãtat civil,,Eta sivil,,,,,,,,,,,
664AAAAAAAAAAAAAAAAAAAAAAAAAAAAAAAAA,,Negative,Response to a finding or test result.,Misc,Text,,,AMPATH:664;AMPATH:665;org.openmrs.module.mdrtb:NEGATIVE;PIH:664;SNOMED-CT:260385009,,Negativo,,NÃ©gatif,,NÃ©gatif,,,,,,,,,,,
1436AAAAAAAAAAAAAAAAAAAAAAAAAAAAAAAA,,Partner's HIV status,HIV seroconversion status of patient's partner,Finding,Coded,Indeterminate;Negative,,PIH:3082;SNOMED-MVP:14361000105003,Partner's HIV status,,,Statut sÃ©rologique du partenaire,,Rezilta tes VIH patne,,,,,,,,,,,
1325AAAAAAAAAAAAAAAAAAAAAAAAAAAAAAAA,,Hepatitis C test - qualitative,,Test,Coded,Indeterminate;Negative;Poor sample quality,,AMPATH:1325;LOINC:16128-1;SNOMED-MVP:13251000105007,Hep C test - qual,,,Test hÃ©patite C  - Qualitative,,TÃ¨s Epatit C  - Kalitatif,,,,,,,,,,,
1322AAAAAAAAAAAAAAAAAAAAAAAAAAAAAAAA,,Hepatitis B test - qualitative,,Test,Coded,Indeterminate;Negative;Poor sample quality,,AMPATH:1322;SNOMED-MVP:13221000105000,Hep B test - qual,,,Test HÃ©patite B - Qualitative,,TÃ¨s Epatit B  - Kalitatif,,,,,,,,,,,
165095AAAAAAAAAAAAAAAAAAAAAAAAAAAAAA,,General patient note,A general patient note,Question,Text,,,CIEL:165095,,,,,,,,,,,,,,,,,
5092AAAAAAAAAAAAAAAAAAAAAAAAAAAAAAAA,,Arterial blood oxygen saturation (pulse oximeter),"Oxygen saturation, as measured from a peripheral oximeter.",Test,Numeric,,,AMPATH:5092;CIEL:5092;SNOMED CT:431314004,SpO2,,,Saturation d'oxygÃ¨ne dans le sang,,,,100,,,0,89,92,%,,0,
5085AAAAAAAAAAAAAAAAAAAAAAAAAAAAAAAA,,Systolic blood pressure,A patient's systolic blood pressure measurement (taken with a manual cuff in either a sitting or standing position),Finding,Numeric,,,AMPATH:5085;CIEL:5085;PIH:5085;SNOMED CT:271649006,SBP,,,Tension arterielle systolique,,,,250,180,140,0,85,100,mmHg,,0,
5086AAAAAAAAAAAAAAAAAAAAAAAAAAAAAAAA,,Diastolic blood pressure,A patient's diastolic blood pressure measurement (taken with a manual cuff in either a sitting or standing position),Finding,Numeric,,,AMPATH:5086;CIEL:5086;LOINC:35094-2;PIH:5086;SNOMED CT:271650006,DBP,,,Tension arterielle diastolique,,,,150,120,90,0,40,55,mmHg,,0,
5088AAAAAAAAAAAAAAAAAAAAAAAAAAAAAAAA,,TempÃ©rature (c),Patient's temperature in degrees centigrade.,Finding,Numeric,,,AMPATH:5088;CIEL:5088;PIH:5088,Temp (c),,,TempÃ©rature (c),,,,43,,,25,,,DEG C,,1,
5090AAAAAAAAAAAAAAAAAAAAAAAAAAAAAAAA,,Height (cm),Patient's height in centimeters.,Finding,Numeric,,,AMPATH:5090;CIEL:5090;PIH:5090,HT,,,Taille (cm),,,,272,,,10,,,cm,,1,
5089AAAAAAAAAAAAAAAAAAAAAAAAAAAAAAAA,,Weight (kg),Patient's weight in kilograms.,Finding,Numeric,,,AMPATH:5089;CIEL:5089;PIH:5089,WT,,,Poids (kg),,,,250,,,0,,,kg,,1,
5087AAAAAAAAAAAAAAAAAAAAAAAAAAAAAAAA,,Pulse,"Patient pulse rate, as measured with a peripheral oximeter.",Finding,Numeric,,,AMPATH:5087;CIEL:5087;PIH:5087;SNOMED CT:78564009,HR,,,Pouls,,,,230,130,100,0,49,55,beats/min,,0,
1343AAAAAAAAAAAAAAAAAAAAAAAAAAAAAAAA,,Mid-upper arm circumference,"MUAC is the circumference of the left upper arm, measured at the mid-point between the tip of the shoulder and the tip of the elbow. MUAC is useful for the assessment of nutritional status.",Finding,Numeric,,,AMPATH:1343;CIEL:1343;PIH:1290;SNOMED CT:284473002,MUAC,,,CirconfÃ©rence du haut du bras,,,,,,,,,,cm,,1,
5242AAAAAAAAAAAAAAAAAAAAAAAAAAAAAAAA,,Respiratory rate,Measured respiratory rate in breaths per minute,Finding,Numeric,,,AMPATH:5242;CIEL:5242;PIH:5242;SNOMED CT:86290005,RR,,,Rythme respiratoire,,,,999,26,18,0,8,12,breaths/min,,0,
5283AAAAAAAAAAAAAAAAAAAAAAAAAAAAAAAA,,Karnofsky performance score,Zero to 100 scale commonly used for assessing terminally ill patients.,Finding,Numeric,,,AMPATH:5283;CIEL:5283,KPS,,,,,,,,,,,,,%,0,0,
1065AAAAAAAAAAAAAAAAAAAAAAAAAAAAAAAA,,Yes,Generic answer to a question.,Misc,N/A,,,AMPATH:1065;CIEL:1065;PIH:1065;SNOMED CT:373066001,,SÃ­,,Oui,,,,,,,,,,,,,
1067AAAAAAAAAAAAAAAAAAAAAAAAAAAAAAAA,,Unknown,Generic answer to a question.,Misc,N/A,,,AMPATH:1067;CIEL:1067;PIH:1067;SNOMED CT:261665006,,Desconocido,,Ne sait pas,,,,,,,,,,,,,
164401AAAAAAAAAAAAAAAAAAAAAAAAAAAAAA,,HIV test performed,,Question,Coded,False;Unknown;Yes,,,,,,,,,,,,,,,,,,,
164848AAAAAAAAAAAAAAAAAAAAAAAAAAAAAA,,Received HIV test result,,Question,Coded,False;Unknown;Yes,,,,,,,,,,,,,,,,,,,
159382AAAAAAAAAAAAAAAAAAAAAAAAAAAAAA,,Post HIV test counseling,Has the patient received counselling after HIV testing and result?,Question,Coded,False;Unknown;Yes,,PIH:969;SNOMED-CT:313077009,PHTC,,,conseils de post test VIH,,Post tÃ¨s konsÃ¨y VIH,,,,,,,,,,,
0016512d-4388-44f0-a4b6-f6ad9e18fdcd,,Mild persistent asthma (J45.9),,Diagnosis,N/A,,,ICD-10:J45.9,Mild persistent asthma,,,Asthme persistant lÃ©ger (J45.9),Asthme persistant lÃ©ger,,,,,,,,,,,,
faf06026-fce9-4d2c-9ef2-24fb45343804,,Complaints of genital sores or swollen inguinal lymph nodes with or without pains,,Misc,Text,,,,,,,,,,,,,,,,,,,,
d8e46cc0-4d08-45d9-a46d-bd083db63057,,Complaints of scrotal swelling and pain (Male),,Misc,Text,,,,,,,,,,,,,,,,,,,,
60817acb-90f1-4d46-be87-2c47e150770b,,Complaints of urethral discharge or burning when urinating (Male),,Misc,Text,,,,,,,,,,,,,,,,,,,,
06be8996-ef55-438b-bbb9-5bebeb18e779,,Complaints of lower abdominal pains with or without  vaginal discharge (Female),,Misc,Text,,,,,,,,,,,,,,,,,,,,
9a24bedc-d42c-422e-9f5d-371b59af0660,,Complaints of vaginal discharge or burning when urinating (Female),,Misc,Text,,,,,,,,,,,,,,,,,,,,
c4f81292-61a3-4561-a4ae-78be7d16d928,,STI Screening,,Question,Coded,Complaints of genital sores or swollen inguinal lymph nodes with or without pains;Complaints of lower abdominal pains with or without  vaginal discharge (Female);Complaints of scrotal swelling and pain (Male);Complaints of urethral discharge or burning when urinating (Male);Complaints of vaginal discharge or burning when urinating (Female),,,,,,,,,,,,,,,,,,,
09472f39-6030-4f71-a8f2-30b2fdc734ed,,Couple Counselling,,Misc,Text,,,,,,,,,,,,,,,,,,,,
02586245-99c3-4d47-ac34-7121156afeab,,Group Counselling,,Misc,Text,,,,,,,,,,,,,,,,,,,,
0c78532a-f2e8-4793-874e-90b0c9485cef,,Individual Counselling,,Misc,Text,,,,,,,,,,,,,,,,,,,,
0473ec07-2f34-4447-9c58-e35a1c491b6f,,Type of Counselling Session,,Question,Coded,Couple Counselling;Group Counselling;Individual Counselling,,,,,,,,,,,,,,,,,,,
de32152d-93b0-412a-908a-20af0c46f215,,Pre test Counselling Done,,Question,Coded,False;Unknown;Yes,,,,,,,,,,,,,,,,,,,
07a6f86e-388b-416e-b1ed-4b4e543a6406,,Months Since Last HIV Test,,Misc,Numeric,,,,,,,,,,,,,,,,,,,0,
42dd1e18-00cb-471c-911c-cb254d5b01a5,,Community Level testing,,Misc,Text,,,,,,,,,,,,,,,,,,,,
5995ebd5-11ae-47ca-ac12-bcb8c0117aec,,Facility Level Testing,,Misc,Text,,,,,,,,,,,,,,,,,,,,
13abe5c9-6de2-4970-b348-36d352ee8eeb,,HTS Testing Location,,Question,Coded,Community Level testing;Facility Level Testing,,,,,,,,,,,,,,,,,,,
dc1058ea-4edd-4780-aeaa-a474f7f3a437,,Refugees,Refugees,Misc,Text,,,,,,,,,,,,,,,,,,,,
e6924b2c-8f27-44d8-8228-9c5d2e8eae84,,Client Initiated Testing and Counselling,,Misc,Text,,,,,,,,,,,,,,,,,,,,
9641ead9-8821-4898-b633-a8e96c0933cf,,HTS Approach,,Question,Coded,Client Initiated Testing and Counselling;Provider-initiated HIV testing and counseling,,,,,,,,,,,,,,,,,,,
def00c73-f6d5-42fb-bcec-0b192b5be22d,,Fisher Folk,Fisher Folk,Misc,Text,,,,,,,,,,,,,,,,,,,,
678f3144-302f-493e-ba22-7ec60a84732a,,Adolescent Girls & Young Women,Adolescent Girls & Young Women,Misc,Text,,,,,,,,,,,,,,,,,,,,
e7be3c0c-21bc-498d-a04c-ea7af01be5f9,,Intravenous Drug Users,People who inject drugs intravenously,Misc,Text,,,,,,,,,,,,,,,,,,,,
b282bb08-62a7-42c2-9bea-8751c267d13e,,Uniformed Forces,People in the uniformed/disciplined forces,Misc,Text,,,,,,,,,,,,,,,,,,,,
63ea75cb-205f-4e7b-9ede-5f9b8a4dda9f,,Migrant Workers,Migrant Workers,Misc,Text,,,,,,,,,,,,,,,,,,,,
22b202fc-67de-4af9-8c88-46e22559d4b2,,Transgender Persons,Transgender persons,Misc,Text,,,,,,,,,,,,,,,,,,,,
8da9bf92-22f6-40be-b468-1ad08de7d457,,Prisoners,People living in prisons and other closed quarters (prisoners),Misc,Text,,,,,,,,,,,,,,,,,,,,
437d1e25-e7ab-481c-aabc-01f21c6cdef1,,HTS Provider Remarks,,Misc,Text,,,,,,,,,,,,,,,,,,,,
e8e8fe71-adbb-48e7-b531-589985094d30,,Linked to Care & Treatment,Describes whether or not a HIV positive client has been linked to Care and Treatment,Question,Coded,False;Unknown;Yes,,,,,,,,,,,,,,,,,,,
7398c91a-8db8-480d-8130-1a92cc208ded,,Inconclusive HIV Result,Client with an inconclusive HIV result,Misc,Text,,,,,,,,,,,,,,,,,,,,
a6ad599d-2bc4-47b7-81fe-a38e88867c1d,,Self Initiative,Client's self initiative to get a HIV test,Misc,Text,,,,,,,,,,,,,,,,,,,,
0e65e5fd-a1d8-4730-a991-75a1d703cba6,,HIV Self Test Positive,Client who has a positive HIV Self Test,Misc,Text,,,,,,,,,,,,,,,,,,,,
6e768c50-a239-45ff-9920-2c6a9352320e,,Index Client Testing,Index Client Testing Other than APN,Misc,Text,,,,,,,,,,,,,,,,,,,,
cb099534-b609-4561-9d4c-dd2fc74cedaf,,Assisted Partner Notification (APN),,Misc,Text,,,,,,,,,,,,,,,,,,,,
ce3816e7-082d-496b-890b-a2b169922c22,,Reason for HIV Testing,,Question,Coded,Assisted Partner Notification (APN);HIV Self Test Positive;Inconclusive HIV Result;Index Client Testing;Self Initiative,,,,,,,,,,,,,,,,,,,
162198AAAAAAAAAAAAAAAAAAAAAAAAAAAAAA,,Long distance truck driver,,Misc,N/A,,,SNOMED-CT:87447002,,,,,,,,,,,,,,,,,
42ed45fd-f3f6-44b6-bfc2-8bde1bb41e00,,ATT DEFAULT ATTACHMENT,Concept complex for 'default attachment' complex obs.,Question,Complex,,,,,,,,,,,,,,,,,,,,DefaultAttachmentHandler
7cac8397-53cd-4f00-a6fe-028e8d743f8e,,ATT IMAGE ATTACHMENT,Concept complex for 'image attachments with thumbnails' complex obs.,Question,Complex,,,,,,,,,,,,,,,,,,,,ImageAttachmentHandler
780c8ff2-5e11-48f8-ad3d-efa36a0413f6,,HIV SD Bioline Kit,,Misc,Text,,,,,,,,,,,,,,,,,,,,
73434a78-e4fc-42f7-a812-f30f3b3cabe3,,Tie Breaker HIV Test Kit Name,,Question,Coded,HIV SD Bioline Kit,,,,,,,,,,,,,,,,,,,
0d64d0d0-8dcb-4a56-819c-999d52f04db8,,HIV Stat Pack Kit,,Misc,Text,,,,,,,,,,,,,,,,,,,,
a099ce71-d75e-433d-a782-0b9ad4f4f655,,HIV First Response Kit,,Misc,Text,,,,,,,,,,,,,,,,,,,,
b78d89e7-08aa-484f-befb-1e3e70cd6985,,Confirmatory HIV Test Kit Name,,Question,Coded,HIV First Response Kit;HIV Stat Pack Kit,,,,,,,,,,,,,,,,,,,
59ec348a-14a8-4e88-9b9e-72fa24b949fa,,HIV-Syphilis Duo Kit,,Misc,Text,,,,,,,,,,,,,,,,,,,,
5e318e60-3108-4468-90cd-7f2dc1c596a6,,HIV Determine Kit,,Misc,Text,,,,,,,,,,,,,,,,,,,,
afa64df8-50af-4bc3-8135-6e6603f62068,,Initial HIV Test Kit Name,,Question,Coded,HIV Determine Kit;HIV-Syphilis Duo Kit,,,,,,,,,,,,,,,,,,,
7ac53e4f-c5c4-4bd9-a948-1df1fb73740a,,Hotspot,,Misc,Text,,,,,,,,,,,,,,,,,,,,
b12b2d5e-9e9b-4af8-b326-a9de5ea0acfe,,Drop In Centre,,Misc,Text,,,,,,,,,,,,,,,,,,,,
c15aecde-acac-49b6-bffe-cd1bb291c28b,,Workplace,,Misc,Text,,,,,,,,,,,,,,,,,,,,
261855fb-32d6-43c3-b0bf-e8737db154f7,,Family Planning Clinic,,Misc,Text,,,,,,,,,,,,,,,,,,,,
6007b076-9e67-47e5-8e57-ee5d1331fbe0,,Post Natal Program,,Misc,Text,,,,,,,,,,,,,,,,,,,,
165475AAAAAAAAAAAAAAAAAAAAAAAAAAAAAA,,Antenatal program,,Program,Text,,,,,Programa de Cuidado Prenatal,,,,,,,,,,,,,,,
160552AAAAAAAAAAAAAAAAAAAAAAAAAAAAAA,,Nutrition program,,Misc,N/A,,,PIH:1845,,,,Programme de nutrition,,,,,,,,,,,,,
160546AAAAAAAAAAAAAAAAAAAAAAAAAAAAAA,,Sexually transmitted infection program/clinic,,Misc,N/A,,,PIH:1786;SNOMED-CT:25681007,,,,Programme d'infections sexuellement transmissibles,,,,,,,,,,,,,
160545AAAAAAAAAAAAAAAAAAAAAAAAAAAAAA,,Outreach program,,Misc,N/A,,,PIH:1785,,,,Programme d'assistance,,,,,,,,,,,,,
74a3b695-30f7-403b-8f63-3f766461e104,,Community Service Delivery Point,,Question,Coded,Drop In Centre;Home based HIV testing program;Hotspot;mobile voluntary counseling and testing program;Other non-coded;Outreach program;Voluntary counseling and testing center;Workplace,,,,,,,,,,,,,,,,,,,
162050AAAAAAAAAAAAAAAAAAAAAAAAAAAAAA,,Comprehensive care center,,Misc,Text,,,,,,,,,,,,,,,,,,,,
164835AAAAAAAAAAAAAAAAAAAAAAAAAAAAAA,,Labor and delivery unit,,Misc,Text,,,,,,,,,,,,,,,,,,,,
80bcc9c1-e328-47e8-affe-6d1bffe4adf1,,Facility Service Delivery Point,,Question,Coded,Antenatal program;Comprehensive care center;Family Planning Clinic;Inpatient care or hospitalization;Labor and delivery unit;Nutrition program;Other non-coded;Outpatient department;Post Natal Program;Sexually transmitted infection program/clinic;Tuberculosis treatment program,,,,,,,,,,,,,,,,,,,
d3205b6a-7192-461f-9ea8-a1ac8af38964,,Patient Clinic Identification Number,Unique patient identification number assigned at the ART Clinic,Misc,Numeric,,,,ART Number,,,,,,,,,,,,,,,0,
65e18678-18db-4801-9625-50d3302c780c,,HIV Rapid Recency Test Conducted?,Test for HIV recency if the final result is positive,Question,Coded,False;Unknown;Yes,,,Recency Test Done?,,,,,,,,,,,,,,,,
445846e9-b929-4519-bc83-d51c051918f5,,Result Received Couples,,Question,Coded,False;Unknown;Yes,,,,,,,,,,,,,,,,,,,
3a27187f-da7a-4f6b-986d-6521f343326d,,Concordant Positive,,Misc,Text,,,,,,,,,,,,,,,,,,,,
c1504c2b-a8bf-44bf-ab1e-1d342ba051ae,,Concordant Negative,,Misc,Text,,,,,,,,,,,,,,,,,,,,
c2d2bea8-2db5-4730-86b1-592c9408f567,,Discordant,,Misc,Text,,,,,,,,,,,,,,,,,,,,
5f38bc97-d6ca-43f8-a019-b9a9647d0c6a,,Couple Results,,Question,Coded,Concordant Negative;Concordant Positive;Discordant,,,,,,,,,,,,,,,,,,,
6378487b-584d-4422-a6a6-56c8830873ff,,Positive,HIV Positive Result,Misc,Text,,,,Positive,,,,,,,,,,,,,,,,
159427AAAAAAAAAAAAAAAAAAAAAAAAAAAAAA,,Result of HIV test,HIV test result by unspecified PCR or rapid test,Finding,Coded,Indeterminate;Negative;Positive,,org.openmrs.module.mdrtb:RESULT OF HIV TEST;PIH:2169;SNOMED-MVP:1594271000105002,,,,RÃ©sultat du test VIH,,Rezilta nan tÃ¨s VIH,,,,,,,,,,,
e16b0068-b6a2-46b7-aba9-e3be00a7b4ab,,Final HIV Test Result,,Question,Coded,Indeterminate;Negative;Positive,,,,,,,,,,,,,,,,,,,
bfc5fbb9-2b23-422e-a741-329bb2597032,,Tie Breaker HIV Test Result,,Question,Coded,Indeterminate;Negative;Positive,,,,,,,,,,,,,,,,,,,
dbc4f8e9-7098-4585-9509-e2f84a4d8c6e,,Confirmatory HIV Test Result,,Question,Coded,Indeterminate;Negative;Positive,,,,,,,,,,,,,,,,,,,
e767ba5d-7560-43ba-a746-2b0ff0a2a513,,Initial HIV Test Result,,Question,Coded,Indeterminate;Negative;Positive,,,,,,,,,,,,,,,,,,,
846a63c0-4530-4008-b6a1-12201b9e0b88,,Support for Disclosure and Partner Services,,Misc,Text,,,,,,,,,,,,,,,,,,,,
a046ce31-e0d9-4044-a384-ecc429dc4035,,Legal and Social Services,,Misc,Text,,,,,,,,,,,,,,,,,,,,
ea08440d-41d4-4795-bb4d-4639cf32645c,,Services for Responding to Violence Against Women,,Misc,Text,,,,,,,,,,,,,,,,,,,,
7d502927-7f21-4f72-bfc6-dc4d972ab1af,,Index Client ID Number,,Misc,Text,,,,,,,,,,,,,,,,,,,,
deb58a7d-1c89-4ce4-bfd9-2276d5530089,,Contact With and Suspected Exposure,,Misc,Text,,,,,,,,,,,,,,,,,,,,
68a39d12-49c1-49aa-bd23-e8d505af8e93,,Drug Injecting Partner,,Misc,Text,,,,,,,,,,,,,,,,,,,,
66916a5c-760f-4c12-ae91-71f83298eb40,,Social Contact,,Misc,Text,,,,,,,,,,,,,,,,,,,,
858f0f06-bc62-4b04-b864-cef98a2f3845,,Cotrimoxazole Chemoprophylaxis to Prevent Pneumocystis Carinii Pneumonia,,Misc,Text,,,,,,,,,,,,,,,,,,,,
0cf2ce2c-cd3f-478b-89b7-542018674dba,,Assessment and Provision of Vaccinations,,Misc,Text,,,,,,,,,,,,,,,,,,,,
88cdde2b-753b-48ac-a51a-ae5e1ab24846,,Pre Exposure Prophylaxis (PEP),,Misc,Text,,,,,,,,,,,,,,,,,,,,
db79bc73-2f79-4b8f-b683-137fb38e3f81,,Post Exposure Prophylaxis,,Misc,Text,,,,,,,,,,,,,,,,,,,,
0be6a668-b4ff-4fc5-bbae-0e2a86af1bd1,,Post-GBV Care,,Misc,Text,,,,,,,,,,,,,,,,,,,,
e7ee9ec2-3cc7-4e59-8172-9fd08911e8c5,,Prevention Information,,Misc,Text,,,,,,,,,,,,,,,,,,,,
ac2e75dc-fceb-4591-9ffb-3f852c0750d9,,Behavioural Interventions to Support Risk Reduction - for KP,,Misc,Text,,,,,,,,,,,,,,,,,,,,
da0238c1-0ddd-49cc-b10d-c552391b6332,,Harm Reduction for People Who Inject Drugs,,Misc,Text,,,,,,,,,,,,,,,,,,,,
a56cdd43-f2eb-49d6-88fd-113aaea2e85f,,HIV Testing for Partners and Social Contacts of People from KP,,Misc,Text,,,,,,,,,,,,,,,,,,,,
f0589be1-d457-4138-b244-bfb115cdea21,,HIV Testing for Partners and Biological Children,,Misc,Text,,,,,,,,,,,,,,,,,,,,
46da10c7-49e3-45e5-8e82-7c529d52a1a8,,STI Testing and Treatment,,Misc,Text,,,,,,,,,,,,,,,,,,,,
9d4c029a-2ac3-44c3-9a20-fb32c81a9ba2,,Anal Cancer Screening,,Misc,Text,,,,,,,,,,,,,,,,,,,,
060dd5b2-2d65-4db5-85f0-cd1ba809350f,,Cervical Cancer Screening and Treatment,,Misc,Text,,,,,,,,,,,,,,,,,,,,
0097d9b1-6758-4754-8713-91638efe12ea,,Check Pregnancy Status,,Misc,Text,,,,,,,,,,,,,,,,,,,,
6488e62a-314b-49da-b8d4-ca9c7a6941fc,,Contraception and FP,,Misc,Text,,,,,,,,,,,,,,,,,,,,
bf634be9-197a-433b-8e4e-7a04242a4e1d,,Sexual and Reproductive Services Referred,,Question,Coded,Anal Cancer Screening;Cervical Cancer Screening and Treatment;Check Pregnancy Status;Contraception and FP;HIV Testing for Partners and Biological Children;HIV Testing for Partners and Social Contacts of People from KP;STI Testing and Treatment,,,,,,,,,,,,,,,,,,,
164128AAAAAAAAAAAAAAAAAAAAAAAAAAAAAA,,Isoniazid Preventive Treatment Program,Program for isoniazid (INH) preventive treatment,Program,N/A,,,,,,,,,,,,,,,,,,,,
960f2980-35e2-4677-88ed-79424fe0fc91,,Clinical Services Referred,,Question,Coded,Assessment and Provision of Vaccinations;Cotrimoxazole Chemoprophylaxis to Prevent Pneumocystis Carinii Pneumonia;Isoniazid Preventive Treatment Program;Tuberculosis treatment program,,,,,,,,,,,,,,,,,,,
162223AAAAAAAAAAAAAAAAAAAAAAAAAAAAAA,,Voluntary male circumcision clinic,,Misc,N/A,,,,VMMC clinic,,,,,,,,,,,,,,,,
5617AAAAAAAAAAAAAAAAAAAAAAAAAAAAAAAA,,Partner or spouse,General descriptive answer.. a patient's partner or spouse.,Misc,N/A,,,AMPATH:5617;SNOMED-CT:127848009,,,,Partenaire ou conjoint,,PatnÃ¨ oswa Mari oswa Madanm,,,,,,,,,,,
5490AAAAAAAAAAAAAAAAAAAAAAAAAAAAAAAA,,Psychosocial counseling,Counseling provided for psychosocial support.,Procedure,N/A,,,,,,,soutien psychosocial,,Konsey siko-sosyal,,,,,,,,,,,
1272AAAAAAAAAAAAAAAAAAAAAAAAAAAAAAAA,,Referrals ordered,Question on encounter form.  Answers are referrals made during a particular patient visit.,Question,Coded,Alcohol counseling;ARV for mother;Dental care referral;Diagnostic testing and counseling for HIV;Disclosure counseling;Family planning services;Health center hospital;Inpatient care or hospitalization;Maternal and child health program;Mental health services;Nutritional support;Ophthalmology referral;Other non-coded;Postnatal care referral;Prenatal care referral;Private health care clinic/facility;Private home-based care;Psychosocial counseling;Referral for opportunistic infection treatment;Sexually transmitted infection program/clinic;Social support services;Surgical Outpatient Department;Tobacco use counseling;Voluntary counseling and testing for HIV,,AMPATH:1272;AMPATH:1932;SNOMED-CT:439980006,,,,Consultation demandÃ©e,,odone referans,,,,,,,,,,,
b5afd495-00fc-4d94-9e26-8f6c8cc8caa0,,Other Support Services Referred,,Question,Coded,Legal and Social Services;Mental health services;Psychosocial counseling;Services for Responding to Violence Against Women;Support for Disclosure and Partner Services,,,,,,,,,,,,,,,,,,,
1528AAAAAAAAAAAAAAAAAAAAAAAAAAAAAAAA,,Child,,Misc,N/A,,,,,Hijo,,Enfant,,Timoun,,,,,,,,,,,
85d3b4fe-c1a9-4e27-a86b-dcc1e30c8a93,,Relationship to Index Client,,Question,Coded,Child;Contact With and Suspected Exposure;Drug Injecting Partner;Partner or spouse;Social Contact,,,,,,,,,,,,,,,,,,,
1691AAAAAAAAAAAAAAAAAAAAAAAAAAAAAAAA,,Post-exposure prophylaxis,"Post-exposure prophylaxis (PEP) is short-term antiretroviral treatment to reduce the likelihood of HIV infection after potential exposure, either occupationally or through sexual intercourse.",Procedure,Boolean,,,,Post-exposure prophylaxis,,,Recherche prÃ©ventive,,Profilaksi pÃ²s-ekspozisyon,,,,,,,,,,,
5f394708-ca7d-4558-8d23-a73de181b02d,,Prevention Services Referred,,Question,Coded,Behavioural Interventions to Support Risk Reduction - for KP;Harm Reduction for People Who Inject Drugs;Other non-coded;Post-exposure prophylaxis;Post-GBV Care;Pre Exposure Prophylaxis (PEP);Prevention Information;STI Testing and Treatment;Voluntary male circumcision clinic,,,,,,,,,,,,,,,,,,,
e407ad47-0efd-4429-ab6b-3506dbf9580a,,Partner Key Population Status,,Question,Coded,Drug Injecting Partner;Long distance truck driver;Male who has sex with men;Prisoners;Sex worker;Transgender Persons,,,,,,,,,,,,,,,,,,,
a5261998-c635-4e27-870c-e837faf6cf9a,,HIV Status,,Question,Coded,Negative;Positive,,,HIVStatus,,,,,,,,,,,,,,,,
166431AAAAAAAAAAAAAAAAAAAAAAAAAAAAAA,,Target population,,Misc,N/A,,,,,,,,,,,,,,,,,,,,
162576AAAAAAAAAAAAAAAAAAAAAAAAAAAAAA,,New patient identifier,Link to new patient identifier if patient has transferred out of facility,Misc,Text,,,,,,,,,,,,,,,,,,,,
160109AAAAAAAAAAAAAAAAAAAAAAAAAAAAAA,,Sexually active,,Misc,Coded,,,PIH:2730,,,,Actif sexuellement,,fe bagay,,,,,,,,,,,
166430AAAAAAAAAAAAAAAAAAAAAAAAAAAAAA,,General population,The overall population of a studied group. A type of population often used as a denominator in an indicator.,Misc,N/A,,,,,,,,,,,,,,,,,,,,
166432AAAAAAAAAAAAAAAAAAAAAAAAAAAAAA,,Study population type,,Question,Coded,General population;Target population,,,,,,,,,,,,,,,,,,,
165303AAAAAAAAAAAAAAAAAAAAAAAAAAAAAA,,Rapid syphilis test,,Test,Coded,Indeterminate;Negative;Positive,,,,,,Test rapide syphilis,,,,,,,,,,,,,
159218AAAAAAAAAAAAAAAAAAAAAAAAAAAAAA,,Unprotected sexual intercourse,,Diagnosis,Coded,,,IMO-ProblemIT:816022;SNOMED-CT:2314005,,,,Rapports sexuels non protÃ©gÃ©s,,RapÃ² seksyÃ¨l san pwoteksyon,,,,,,,,,,,
156660AAAAAAAAAAAAAAAAAAAAAAAAAAAAAA,,History of sexually transmitted disease,,Diagnosis,Coded,,,IMO-ProblemIT:824556;SNOMED-CT:275881005,,,,Histoire d'autre infection sexuellement transmissible,,Istwa ist,,,,,,,,,,,
365371fd-0106-4a53-abc4-575e3d65d372,,People With Disability,,Misc,Text,,,,,,,,,,,,,,,,,,,,
c038bff0-8e33-408c-b51f-7fb6448d2f6c,,People Who Inject Drugs,,Misc,Text,,,,,,,,,,,,,,,,,,,,
d3d4ae96-8c8a-43db-a9dc-dac951f5dcb3,,Key PopulationType,,Question,Coded,Adolescent Girls & Young Women;Fisher Folk;Long distance truck driver;Male who has sex with men;Migrant Workers;People Who Inject Drugs;People With Disability;Prisoners;Refugees;Sex worker;Transgender Persons;Uniformed Forces,,,,,,,,,,,,,,,,,,,
8de5bf3f-8058-4735-ae50-b5a986b2362b,,More Than 12 Months,,Misc,Text,,,,,,,,,,,,,,,,,,,,
c85e6df3-7184-400e-a686-f41aaae08113,,6-12 Months,,Misc,Text,,,,,,,,,,,,,,,,,,,,
8df190d5-7a65-4b53-9b4a-b35b9cf400b1,,3-6 Months,,Misc,Text,,,,,,,,,,,,,,,,,,,,
909edba5-c9b1-44e3-92ee-f95269964fe1,,0-3 Months,,Misc,Text,,,,,,,,,,,,,,,,,,,,
e7947a45-acff-49e1-ba1c-33e43a710e0d,,Duration Since Last HIV Test,,Question,Coded,0-3 Months;3-6 Months;6-12 Months;More Than 12 Months;Unknown,,,,,,,,,,,,,,,,,,,
1201b688-45f8-4e56-b089-0b31138a19dd,,Confirmatory HIV Test Done,,Question,Coded,,,,,,,,,,,,,,,,,,,,
b221ce19-9292-4117-bdff-0adcf13f82d6,,Tiebreaker HIV Test Done,,Question,Coded,,,,,,,,,,,,,,,,,,,,
976ca997-fb2b-4bef-a299-f7c9e16b50a8,,Consent for Recency Test,Documentation that someone has given consent for a recency test,Question,Boolean,,,,,,,,,,,,,,,,,,,,
4fe5857e-c804-41cf-b3c9-0acc1f516ab7,,Recency Test Conducted,,Question,Coded,,,,,,,,,,,,,,,,,,,,
9e82e55d-dbbf-49a6-900c-d8ead9985b0a,,ETV + 3TC + DRV + RTV,This is a drug regimen consisting of  Etravirine + Lamivudine  + Darunavir + Ritonavir,Misc,Text,,,,,,,,,,,,,,,,,,,,
4ad80d98-0a1a-41d1-a9d7-2110692bf5eb,,d4T + 3TC + LPV/r,This is a drug regimen consisting of  Stavudine + Lamivudine  + Lopinavir/Ritonavir,Misc,Text,,,,,,,,,,,,,,,,,,,,
d8051638-0123-4322-a094-4a48adffdc37,,d4T + 3TC + NVP,This is a drug regimen consisting of  Stavudine + Lamivudine  + Nevirapine,Misc,Text,,,,,,,,,,,,,,,,,,,,
6a3d196a-67fa-4d4f-b78d-76103d91972a,,d4T + 3TC + EFV,This is a drug regimen consisting of  Stavudine + Lamivudine  + Efavirenz,Misc,Text,,,,,,,,,,,,,,,,,,,,
e9540e20-1ba4-4573-b189-088f5fd9dc57,,AZT + 3TC + RAL,This is a drug regimen consisting of  Zidovudine + Lamivudine  + Raltegravir,Misc,Text,,,,,,,,,,,,,,,,,,,,
bafb40ca-b0c7-4366-bd8e-9eb923237c94,,AZT + 3TC + NVP,This is a drug regimen consisting of  Zidovudine + Lamivudine  + Nevirapine,Misc,Text,,,,,,,,,,,,,,,,,,,,
d2b1d784-a880-42a9-b0a6-19de2db7afd6,,AZT + 3TC + LPV/r,This is a drug regimen consisting of  Zidovudine + Lamivudine  + Lopinavir/Ritonavir,Misc,Text,,,,,,,,,,,,,,,,,,,,
b1336ea0-3a87-4018-9fce-3a7a22d95d7d,,AZT + 3TC + EFV,This is a drug regimen consisting of  Zidovudine + Lamivudine  + Efavirenz,Misc,Text,,,,,,,,,,,,,,,,,,,,
f2247788-6d05-490d-ad04-64544c8020b7,,AZT + 3TC + DTG,This is a drug regimen consisting of  Zidovudine + Lamivudine  + Dolutegravir,Misc,Text,,,,,,,,,,,,,,,,,,,,
60bec021-c05c-4ae9-93fe-b798c0bf82d2,,AZT + 3TC + DRV + RTV + RAL,This is a drug regimen consisting of  Zidovudine + Lamivudine  + Darunavir + Ritonavir + Raltegravir,Misc,Text,,,,,,,,,,,,,,,,,,,,
62243dfe-6284-48a9-afcc-63149ac6d709,,AZT + 3TC + ATV/r,This is a drug regimen consisting of Zidovudine + Lamivudine  + Atazanavir/Ritonavir,Misc,Text,,,,,,,,,,,,,,,,,,,,
1431d032-9eeb-46b3-84e5-79f0c19354d8,,RAL + 3TC + DRV + RTV,This is a drug regimen consisting of  Raltegravir + Lamivudine  + Darunavir + Ritonavir,Misc,Text,,,,,,,,,,,,,,,,,,,,
f47f98e7-f17a-466a-ba8e-aa4423049c7e,,RAL + 3TC + DRV + RTV + ABC,This is a drug regimen consisting of  Raltegravir + Lamivudine  + Darunavir + Ritonavir + Abacavir,Misc,Text,,,,,,,,,,,,,,,,,,,,
3ae355dd-fc83-43c6-9312-ebbb30b51bf7,,RAL + 3TC + DRV + RTV + AZT,This is a drug regimen consisting of  Raltegravir + Lamivudine  + Darunavir + Ritonavir + Zidovudine,Misc,Text,,,,,,,,,,,,,,,,,,,,
0fd8a042-81a3-4106-8470-63d29380d7d5,,RAL + 3TC + DRV + RTV + TDF,This is a drug regimen consisting of  Raltegravir + Lamivudine  + Darunavir + Ritonavir + Tenofovir,Misc,Text,,,,,,,,,,,,,,,,,,,,
6b7cd8a1-77b3-4853-bbe7-ff6bf51c41c3,,TAF + 3TC + DRV/r,This is a drug regimen consisting of  Tenofovir Alafenamide + Lamivudine  + Darunavir/Ritonavir,Misc,Text,,,,,,,,,,,,,,,,,,,,
5f7da36e-1a83-4ede-ae6f-41aaa5304601,,TAF + 3TC + DTG,This is a drug regimen consisting of  Tenofovir Alafenamide + Lamivudine  + Dolutegravir,Misc,Text,,,,,,,,,,,,,,,,,,,,
5a4587e2-de9e-4b99-9ea0-00717fa5605a,,TAF + 3TC + LPV/r,This is a drug regimen consisting of  Tenofovir Alafenamide + Lamivudine  + Lopinavir/Ritonavir,Misc,Text,,,,,,,,,,,,,,,,,,,,
907d304b-ebc4-4387-8af8-2d2c92f82910,,TDF + 3TC + DTG + DRV + RTV,This is a drug regimen consisting of  Tenofovir + Lamivudine  + Dolutegravir + Darunavir + Ritonavir,Misc,Text,,,,,,,,,,,,,,,,,,,,
5679c813-cfed-4fb2-b252-d6149297e013,,TDF + 3TC + DTG + ETR + DRV + RTV,This is a drug regimen consisting of  Tenofovir + Lamivudine  + Dolutegravir + Etravirine + Darunavir + Ritonavir,Misc,Text,,,,,,,,,,,,,,,,,,,,
5f123dc8-c697-47f6-bc67-007322a9bb48,,TDF + 3TC + EFV,This is a drug regimen consisting of  Tenofovir + Lamivudine  + Efavirenz,Misc,Text,,,,,,,,,,,,,,,,,,,,
380e5e7c-7c2f-4ba8-a93c-90b1e638dc2c,,TDF + 3TC + LPV/r,This is a drug regimen consisting of  Tenofovir + Lamivudine  + Lopinavir/Ritonavir,Misc,Text,,,,,,,,,,,,,,,,,,,,
36685ad3-a223-4c3c-b6ee-d8358432a600,,TDF + 3TC + NVP,This is a drug regimen consisting of  Tenofovir + Lamivudine  + Nevirapine,Misc,Text,,,,,,,,,,,,,,,,,,,,
083d46c5-dea7-49de-abd5-e16f252255a7,,TDF + FTC + DTG,This is a drug regimen consisting of  Tenofovir + Emtricitabine + Dolutegravir,Misc,Text,,,,,,,,,,,,,,,,,,,,
67701961-f6c1-4ebf-a7f5-c2c5d25021a0,,TDF + FTC + EFV,This is a drug regimen consisting of  Tenofovir + Emtricitabine + Efavirenz,Misc,Text,,,,,,,,,,,,,,,,,,,,
49676d5a-934f-47b7-b365-f5e546012c65,,TDF + FTC + NVP,This is a drug regimen consisting of  Tenofovir + Emtricitabine + Nevirapine,Misc,Text,,,,,,,,,,,,,,,,,,,,
dc25af21-7816-44d8-92d2-3332c7db113a,,ABC + 3TC + RAL,This is a drug regimen consisting of Abacavir  + Lamivudine  + Raltegravir,Misc,Text,,,,,,,,,,,,,,,,,,,,
0da33711-7b3f-4997-bc9e-4a2445fbaf63,,ABC + 3TC + LPV/r,This is a drug regimen consisting of Abacavir  + Lamivudine  + Lopinavir/Ritonavir,Misc,Text,,,CIEL:162200,,,,,,,,,,,,,,,,,
70e9b78a-a6d8-49c2-8217-0ba57b05803a,,ABC + 3TC + EFV,This is a drug regimen consisting of Abacavir  + Lamivudine  + Efavirenz,Misc,Text,,,CIEL:162563,,,,,,,,,,,,,,,,,
159db6bc-1303-4829-8fe4-32212751c934,,ABC + 3TC + DTG,This is a drug regimen consisting of Abacavir  + Lamivudine  + Dolutegravir,Misc,Text,,,,,,,,,,,,,,,,,,,,
396d668b-b1e6-4997-b9b9-2d57f53c2321,,ABC + 3TC + DRVr,This is a drug regimen consisting of Abacavir  + Lamivudine  + Darunavir/Ritonavir,Misc,Text,,,,,,,,,,,,,,,,,,,,
5bb0348b-fc27-460e-b6cd-df7a4a253372,,ABC + 3TC + DRV+RTV+RAL,Regimen combination of Abacavir  + Lamivudine  + Darunavir+Ritonavir+Raltegravir,Misc,Text,,,,,,,,,,,,,,,,,,,,
f827ed18-f816-4cd0-b77c-28a0209c96c0,,ABC + 3TC + ATVr,This is a drug regimen consisting of Abacavir  + Lamivudine  + Atazanavir/Ritonav,Misc,Text,,,,,,,,,,,,,,,,,,,,
98bec34c-608a-46ce-8f1a-3ee3b8b6f92b,,ABC + 3TC + NVP,This is a drug regimen consisting  of Abacavir  + Lamivudine  + Nevirapine,Misc,Text,,,CIEL:162199,,,,,,,,,,,,,,,,,
b98c03f8-277b-43e8-b11b-b515b9b3ad84,,ABC + 3TC + DRV/r,Regimen combination of Abacavir  + Lamivudine  + Darunavir/Ritonavir,Question,N/A,,,,,,,,,,,,,,,,,,,,
6a6cbda5-b155-4144-9ff9-ec3d1d1cd509,,Date last use ART for Hepatitis,Date of last use of antiretroviral drugs to treat/manage Hepatitis,Question,Coded,,,,,,,,,,,,,,,,,,,,
fbe937b6-a4ad-4ce5-9c43-002222fbabfb,,Date last used PEP Regimen,Date the patient last took a post exposure prophylaxis regimen,Question,Date,,,,,,,,,,,,,,,,,,,,
5af829e9-2427-4ed7-bb55-de4381610364,,Date last used a PrEP regimen,Date the patient last took a pre exposure prophylaxis regimen,Question,Date,,,,,,,,,,,,,,,,,,,,
906ed69c-949b-47b5-b469-2205f0da473a,,Previous use of ART for Hepatitis,Previous use of antiretroviral drugs to treat/manage Hepatitis,Question,Coded,,,,,,,,,,,,,,,,,,,,
5d397775-0155-4033-95dc-edcec98e8190,,Previous use of Pre Exposure Prophylaxis (PrEP),Has the client previously used Pre Exposure Prophylaxis (PrEP),Question,Coded,False;Unknown;Yes,,,,,,,,,,,,,,,,,,,
a484d55e-dfc7-4791-82a4-eff8f21e26de,,Transfer-in without records,Transfer-in client without supporting documentation from the transferring facility,Question,N/A,,,,,,,,,,,,,,,,,,,,
71a489e5-e393-4859-a2df-a3b14ea6b4bf,,Transfer-in with Records,"For transfer-in clients, was there documentation from the referring facility recieved",Misc,N/A,,,,,,,,,,,,,,,,,,,,
166521AAAAAAAAAAAAAAAAAAAAAAAAAAAAAA,,Darunavir / Dolutegravir / Lamivudine / Ritonavir / Tenofovir,ARV regimen,Misc,N/A,,,KenyaEMR:165369,3TC/DAL/DRV/DTG/RTV,,,,,,,,,,,,,,,,
166087AAAAAAAAAAAAAAAAAAAAAAAAAAAAAA,,Dolutegravir / Lamivudine / Zidovudine,Antiretroviral regimen,Misc,N/A,,,KenyaEMR:164968;PIH:13152,DTG + 3TC + AZT,,,,,,,,,,,,,,,,
165605AAAAAAAAAAAAAAAAAAAAAAAAAAAAAA,,Dolutegravir / lamivudine / tenofovir,,Drug,N/A,,,KenyaEMR:164969,DTG / 3TC / TDF,,,,,,,,,,,,,,,,
165086AAAAAAAAAAAAAAAAAAAAAAAAAAAAAA,,TDF-3TC-DTG,"Drug regimen including Tenofovir, Lamivudine and Dolutegravir.",Misc,N/A,,,,,,,,,,,,,,,,,,,,
164512AAAAAAAAAAAAAAAAAAAAAAAAAAAAAA,,TDF-3TC-ATV/r,"Regimen containing Tenofovir, Lamivudine, Atazanavir and Ritonavir",Misc,N/A,,,,,,,,,,,,,,,,,,,,
164144AAAAAAAAAAAAAAAAAAAAAAAAAAAAAA,,New client,,Question,Coded,,,,,,,,,,,,,,,,,,,,
163782AAAAAAAAAAAAAAAAAAAAAAAAAAAAAA,,Date mother stopped receiving total maternal to child transmission prophylaxis (TPMTCT),The date the patient's mother stopped recieving maternal to child transmission prophailaxis (TPMTCT).,Question,Date,,,,,,,Date ou la mÃ¨re a arreter une prophylaxie totale pour la prevention de la transmission mÃ¨re-enfant (PTME),,Dat Manman te suspan rEsevwa yon pwofilaktik total pou prevansyon transmisyon manman ak timoun (PTMT),,,,,,,,,,,
163722AAAAAAAAAAAAAAAAAAAAAAAAAAAAAA,,Rapid test for HIV,"Rapid test used to detect HIV. It could include rapid test 1 or rapid test 2, and should be used in the case where it is unknown whether it was rapid test 1 or 2. This is a qualitative test.",Test,Coded,,,,,,,Test rapide pour HIV,,Tes rapid pou HIV,,,,,,,,,,,
163532AAAAAAAAAAAAAAAAAAAAAAAAAAAAAA,,Mother enrolled in prevention of maternal to child transmission (PMTCT) program,"The patient's mother is currently enrolled in a maternal to child transmission program, also referred to as PMTCT.",Question,Coded,,,,,,,MÃ¨re inscrite dans le programme de prÃ©vention de la transmission mÃ¨re-enfant (PTME),,Manman pasyan antre nan pwogram prevansyon transmisyon manman-timoun (PMTCT),,,,,,,,,,,
7962d0ed-0fb5-4580-8e46-6fd318091154,,Transfer-in Documentation,,Question,Coded,Mother enrolled in prevention of maternal to child transmission (PMTCT) program;Transfer-in with Records;Transfer-in without records,,,,,,,,,,,,,,,,,,,
163260AAAAAAAAAAAAAAAAAAAAAAAAAAAAAA,,Date of first visit,,Question,Date,,,,,,,,,,,,,,,,,,,,
162582AAAAAAAAAAAAAAAAAAAAAAAAAAAAAA,,Number of occurrences,"A qualifier term which can be used to differentiate a numeric entry. For example, a duration could be a number + duration unit (number of occurrences).",Misc,N/A,,,SNOMED-CT:252109000,No. of times,,,,,,,,,,,,,,,,
162560AAAAAAAAAAAAAAAAAAAAAAAAAAAAAA,,Lamivudine / Lopinavir / Ritonavir / Stavudine,Antiretroviral regimen,Misc,N/A,,,,3TC/d4T/LPV/r,,,,,,,,,,,,,,,,
162200AAAAAAAAAAAAAAAAAAAAAAAAAAAAAA,,Abacavir / Lamivudine / Lopinavir / Ritonavir,A regimen used for HIV treatment,Misc,N/A,,,,3TC/ABC/LPV/r,,,,,,,,,,,,,,,,
162054AAAAAAAAAAAAAAAAAAAAAAAAAAAAAA,,Service delivery point number,An alphanumeric code/number which represents the point where the patient received care,Question,Text,,,,,,,,,,,,,,,,,,,,
161364AAAAAAAAAAAAAAAAAAAAAAAAAAAAAA,,lamivudine / tenofovir,,Drug,N/A,,,,TDF/3TC,,,,,,,,,,,,,,,,
160642AAAAAAAAAAAAAAAAAAAAAAAAAAAAAA,,Telephone number of treatment supporter,,Question,Text,,,,,,,,,,,,,,,,,,,,
160638AAAAAAAAAAAAAAAAAAAAAAAAAAAAAA,,Name of treatment supporter,,Question,Text,,,,,,,,,,,,,,,,,,,,
160564AAAAAAAAAAAAAAAAAAAAAAAAAAAAAA,,Vaccination service,,Misc,N/A,,,PIH:6714,,,,,,,,,,,,,,,,,
160554AAAAAAAAAAAAAAAAAAAAAAAAAAAAAA,,Date of HIV diagnosis,,Finding,Date,,,PIH:2515,,,,Date du diagnostique de VIH,,Dat pou dyagnostik VIH,,,,,,,,,,,
160550AAAAAAAAAAAAAAAAAAAAAAAAAAAAAA,,Sex worker outreach program,,Misc,N/A,,,PIH:1790,,,,Programme d'assistance pour travailleurs du sexe,,,,,,,,,,,,,
160548AAAAAAAAAAAAAAAAAAAAAAAAAAAAAA,,Intravenous venous drug user outreach program,,Misc,N/A,,,PIH:1788,,,,Programme d'assistance pour consommateurs de drogues intraveineuses,,,,,,,,,,,,,
160544AAAAAAAAAAAAAAAAAAAAAAAAAAAAAA,,Under five clinic,,Misc,N/A,,,,,,,Moins de cinq cliniques,,,,,,,,,,,,,
160536AAAAAAAAAAAAAAAAAAAAAAAAAAAAAA,,Adult inpatient service,,Misc,N/A,,,,,,,,,,,,,,,,,,,,
159833AAAAAAAAAAAAAAAAAAAAAAAAAAAAAA,,re-enroll,,Misc,N/A,,,,,,,,,,,,,,,,,,,,
159671AAAAAAAAAAAAAAAAAAAAAAAAAAAAAA,,Provincial hospital,,Misc,N/A,,,SNOMED-MVP:1596711000105007,,,,,,,,,,,,,,,,,
159599AAAAAAAAAAAAAAAAAAAAAAAAAAAAAA,,Antiretroviral treatment start date,When were the antiretroviral drugs started for the patient?,Finding,Date,,,PIH:2516;PIH-Malawi:2516;SNOMED-MVP:1595991000105005,ARV start date,,,Date de dÃ©but des antirÃ©troviraux,,Antiretwoviral tretman dat kÃ²mansman,,,,,,,,,,,
166522AAAAAAAAAAAAAAAAAAAAAAAAAAAAAA,,Darunavir / Lamivudine / Raltegravir / Ritonavir / Tenofovir,ARV regimen,Misc,N/A,,,KenyaEMR:165370,3TC/DRV/RAL/RTV/TDF,,,,,,,,,,,,,,,,
165606AAAAAAAAAAAAAAAAAAAAAAAAAAAAAA,,Abacavir / dolutegravir / lamivudine,,Drug,N/A,,,KenyaEMR:164970;RxNORM:1546887,ABC / 3TC / DTG,,,,,,,,,,,,,,,,
165085AAAAAAAAAAAAAAAAAAAAAAAAAAAAAA,,Dolutegravir,,Drug,N/A,,,,DTG,,,,,,,,,,,,,,,,
164505AAAAAAAAAAAAAAAAAAAAAAAAAAAAAA,,Lamivudine / Efavirenz / Tenofovir,Regimen,Misc,N/A,,,,,,,,,,,,,,,,,,,,
163783AAAAAAAAAAAAAAAAAAAAAAAAAAAAAA,,Mother recieved highly active antiretroviral therapy (HAART),The patient's mother was on highly active antiretroviral therapy (HAART).,Question,Coded,,,,,,,La mÃ¨re a reÃ§u un traitement antirÃ©troviral (Triterapie),,Manman resevwa terapi antiretwoviral aktif (Triterapi),,,,,,,,,,,
163495AAAAAAAAAAAAAAAAAAAAAAAAAAAAAA,,Service withdrawal,"This is one of options of reasons for closing case/register, i.e. the client withdraws from the service he/she is currently receiving",Misc,N/A,,,,,,,,,,,,,,,,,,,,
162727AAAAAAAAAAAAAAAAAAAAAAAAAAAAAA,,Other facility patient identifier,The patient's identifier from another facility,Question,Text,,,,,,,,,,,,,,,,,,,,
162583AAAAAAAAAAAAAAAAAAAAAAAAAAAAAA,,Seconds,"Unit of time, 1/60 of a minute",Misc,N/A,,,SNOMED-CT:257997001,secs,,,,,,,,,,,,,,,,
162565AAAAAAAAAAAAAAAAAAAAAAAAAAAAAA,,Lamivudine / Nevirapine / Tenofovir,Antiretroviral regimen,Misc,N/A,,,,3TC/NVP/TDF,,,,,,,,,,,,,,,,
162563AAAAAAAAAAAAAAAAAAAAAAAAAAAAAA,,Abacavir / Efavirenz / Lamivudine,Antiretroviral regimen,Misc,N/A,,,,3TC/ABC/EFV,,,,,,,,,,,,,,,,
162561AAAAAAAAAAAAAAAAAAAAAAAAAAAAAA,,Lamivudine / Lopinavir / Ritonavir / Zidovudine,Antiretroviral regimen,Misc,N/A,,,,3TC/AZT/LPV/r,,,,,,,,,,,,,,,,
162201AAAAAAAAAAAAAAAAAAAAAAAAAAAAAA,,Lamivudine / Lopinavir / Ritonavir / Tenofovir,A regimen used for HIV treatment,Misc,N/A,,,,3TC/LPV/r/TDF,,,,,,,,,,,,,,,,
162199AAAAAAAAAAAAAAAAAAAAAAAAAAAAAA,,Abacavir / Nevirapine / Lamivudine,A regimen used in HIV treatment,Misc,N/A,,,,ABC/NVP/3TC,,,,,,,,,,,,,,,,
160639AAAAAAAAAAAAAAAAAAAAAAAAAAAAAA,,Guardian,Relationship type. Guardian has responsibility for patient or dependent person.,Misc,N/A,,,SNOMED-CT:394619001,,,,,,,,,,,,,,,,,
160563AAAAAAAAAAAAAAAAAAAAAAAAAAAAAA,,Transfer in,,Question,Coded,,,,Trans_in,,,Transfert dedans,,,,,,,,,,,,,
83e40f2c-c316-43e6-a12e-20a338100281,,Patient Type at Enrolment,"Describes if the client is a new client, a re-enrolment, transfer-in or a referral from PMTCT at the time of service enrolment into HIV Care and Treatment.",Question,Coded,Mother enrolled in prevention of maternal to child transmission (PMTCT) program;New client;re-enroll;Transfer in,,,,,,,,,,,,,,,,,,,
160555AAAAAAAAAAAAAAAAAAAAAAAAAAAAAA,,Date enrolled in HIV care,,Finding,Date,,,,,,,,,,,,,,,,,,,,
160549AAAAAAAAAAAAAAAAAAAAAAAAAAAAAA,,Adolescent outreach program,,Misc,N/A,,,PIH:1789,,,,Programme d'assistance pour adolescents,,,,,,,,,,,,,
160547AAAAAAAAAAAAAAAAAAAAAAAAAAAAAA,,Private company,,Misc,N/A,,,PIH:1787,,,,Compagnie privÃ©e,,,,,,,,,,,,,
160543AAAAAAAAAAAAAAAAAAAAAAAAAAAAAA,,Community-based organization,,Misc,N/A,,,PIH:1741,,,,Organisation fondÃ© sur la communautÃ©,,,,,,,,,,,,,
160539AAAAAAAAAAAAAAAAAAAAAAAAAAAAAA,,Voluntary counseling and testing program,,Misc,N/A,,,AMPATH:2047;PIH:1649,VCT Program,,,,,,,,,,,,,,,,
160537AAAAAAAAAAAAAAAAAAAAAAAAAAAAAA,,Pediatric inpatient service,,Misc,N/A,,,,,,,Service d'hospitalisation pÃ©diatrique,,SÃ¨vis pedyat ki entÃ¨ne pasyan,,,,,,,,,,,
160540AAAAAAAAAAAAAAAAAAAAAAAAAAAAAA,,Method of enrollment,,Question,Coded,Adolescent outreach program;Adult inpatient service;Community-based organization;Intravenous venous drug user outreach program;Maternal and child health program;Nutrition program;Other non-coded;Outpatient department;Outreach program;Pediatric inpatient service;Private company;Private home-based care;Sex worker outreach program;Sexually transmitted infection program/clinic;Tuberculosis treatment program;Under five clinic;Vaccination service;Voluntary counseling and testing program;Voluntary male circumcision clinic,,PIH:1650,,,,MÃ©thode pour l'inscription,,,,,,,,,,,,,
160535AAAAAAAAAAAAAAAAAAAAAAAAAAAAAA,,Transferred from location,Text description of where a patient was transferred from.,Question,Text,,,,,,,RÃ©fÃ©rÃ©Â de,,Kote ki te refere'l,,,,,,,,,,,
160124AAAAAAAAAAAAAAAAAAAAAAAAAAAAAA,,Zidovudine / Lamivudine / Efavirenz,ARV drug combination,Drug,N/A,,,PIH:1612,AZT/3TC/EFV,,,,,,,,,,,,,,,,
160104AAAAAAAAAAAAAAAAAAAAAAAAAAAAAA,,Efavirenz / Lamivudine / Stavudine,Antiretroviral drug combination,Drug,N/A,,,PIH:1505,d4T/3TC/EFV,,,,,,,,,,,,,,,,
159810AAAAAAAAAAAAAAAAAAAAAAAAAAAAAA,,Etravirine,a drug in a group of NNRTI,Drug,N/A,,,,ETV,,,,,,,,,,,,,,,,
159670AAAAAAAAAAAAAAAAAAAAAAAAAAAAAA,,sub-district hospital,,Misc,N/A,,,SNOMED-MVP:1596701000105009,,,,,,,,,,,,,,,,,
159662AAAAAAAAAAAAAAAAAAAAAAAAAAAAAA,,district hospital,Type of health care facility designed to be the district hospital.,Misc,N/A,,,SNOMED-MVP:1596621000105007,,,,,,,,,,,,,,,,,
159368AAAAAAAAAAAAAAAAAAAAAAAAAAAAAA,,Medication duration,Length of time medication was taken for medication history. Use with duration units.,Question,Numeric,,,AMPATH:1897;SNOMED-CT:261774000,,,,DurÃ©e de prise des mÃ©dicaments,,Dire pou pran medikaman,,,,,,,,,,0,
154378AAAAAAAAAAAAAAAAAAAAAAAAAAAAAA,,Raltegravir,Integrase inhibitor drug,Drug,N/A,,,,RAL,,,Raltegravir,,RaltÃ¨gravi,,,,,,,,,,,
154376AAAAAAAAAAAAAAAAAAAAAAAAAAAAAA,,maraviroc,,Drug,N/A,,,,,,,,,,,,,,,,,,,,
86663AAAAAAAAAAAAAAAAAAAAAAAAAAAAAAA,,Zidovudine,,Drug,N/A,,,,AZT,,,Zidovudine,,zidovudin,,,,,,,,,,,
85160AAAAAAAAAAAAAAAAAAAAAAAAAAAAAAA,,Tipranavir,,Drug,N/A,,,,,,,,,,,,,,,,,,,,
83412AAAAAAAAAAAAAAAAAAAAAAAAAAAAAAA,,Ritonavir,,Drug,N/A,,,,RTV,,,Ritonavir,,Ritonavi,,,,,,,,,,,
80586AAAAAAAAAAAAAAAAAAAAAAAAAAAAAAA,,Nevirapine,,Drug,N/A,,,,NVP,,,Nevirapine,,nevirapin,,,,,,,,,,,
78643AAAAAAAAAAAAAAAAAAAAAAAAAAAAAAA,,Lamivudine,,Drug,N/A,,,,3TC,,,Lamivudine,,lamividin,,,,,,,,,,,
75676AAAAAAAAAAAAAAAAAAAAAAAAAAAAAAA,,Enfuvirtide,,Drug,N/A,,,,,,,,,,,,,,,,,,,,
75628AAAAAAAAAAAAAAAAAAAAAAAAAAAAAAA,,Emtricitabine,,Drug,N/A,,,,FTC,,,Emtricitabine,,entrisitabin,,,,,,,,,,,
104567AAAAAAAAAAAAAAAAAAAAAAAAAAAAAA,,Emtricitabine / tenofovir disoproxil,,Drug,N/A,,,PIH:6635;RxNORM:1008145;SNOMED-CT:414090006,FTC/TDF,,,,,,,,,,,,,,,,
84795AAAAAAAAAAAAAAAAAAAAAAAAAAAAAAA,,Tenofovir,,Drug,N/A,,,,TDF,,,Tenofovir,,tonofovi,,,,,,,,,,,
83690AAAAAAAAAAAAAAAAAAAAAAAAAAAAAAA,,Saquinavir,,Drug,N/A,,,,,,,Saquinavir,,Sakinavi,,,,,,,,,,,
76658AAAAAAAAAAAAAAAAAAAAAAAAAAAAAAA,,Fosamprenavir,,Drug,N/A,,,,,,,,,,,,,,,,,,,,
75523AAAAAAAAAAAAAAAAAAAAAAAAAAAAAAA,,Efavirenz,,Drug,N/A,,,,EFV,,,Efavirenz,,efavirens,,,,,,,,,,,
74258AAAAAAAAAAAAAAAAAAAAAAAAAAAAAAA,,Darunavir,Retroviral drug which acts as protease inhibitor,Drug,N/A,,,,DRV,,,Darunavir,,Darunavi,,,,,,,,,,,
1733AAAAAAAAAAAAAAAAAAAAAAAAAAAAAAAA,,Minutes,interval of duration,Misc,N/A,,,SNOMED-CT:258701004,min,,,Minutes,,,,,,,,,,,,,
1527AAAAAAAAAAAAAAAAAAAAAAAAAAAAAAAA,,Parent,,Misc,N/A,,,AMPATH:1672;PIH:2173;SNOMED-CT:40683002,,,,Parent,,Paran,,,,,,,,,,,
71647AAAAAAAAAAAAAAAAAAAAAAAAAAAAAAA,,Atazanavir,Protease inhibitor,Drug,N/A,,,,ATV,,,Atazanavir,,atazanavi,,,,,,,,,,,
77eed025-0f5c-4173-bf45-36e05a175aaf,,Protease Inhibitors (PIS) ARVs,List of Protease Inhibitors,Question,Coded,Atazanavir;Darunavir;Fosamprenavir;Ritonavir;Saquinavir;Tipranavir,,,,,,,,,,,,,,,,,,,
70056AAAAAAAAAAAAAAAAAAAAAAAAAAAAAAA,,Abacavir,,Drug,N/A,,,,ABC,,,Abacavir,,Abakavi,,,,,,,,,,,
1073AAAAAAAAAAAAAAAAAAAAAAAAAAAAAAAA,,Weeks,Generic temporal answer to question.,Misc,N/A,,,AMPATH:1073;PIH:2160;SNOMED-CT:258705008,,Semanas,,,,,,,,,,,,,,,
973AAAAAAAAAAAAAAAAAAAAAAAAAAAAAAAAA,,Grandparent,Family member.,Misc,N/A,,,AMPATH:973;SNOMED-CT:38312007,,Abuelo/abuela,,Grands-parents,,Granparan,,,,,,,,,,,
5424AAAAAAAAAAAAAAAAAAAAAAAAAAAAAAAA,,Other antiretroviral drug,Generic answer to encounter form questions.. another retroviral drug not already specified in the antiretroviral set (term 1085).,Drug,N/A,,,,,,,Autres mÃ©dicaments antirÃ©troviraux,,LÒT DWÒG ANTIRETWOVIRAL,,,,,,,,,,,
54e7ff9b-4d93-41ba-ad0b-cb5f565785f2,,Nucleoside Reverse Transcriptase Inhibitors (NRTIS) ARVs,List of Nucleoside Reverse Transcriptase Inhibitors,Question,Coded,Abacavir;Emtricitabine;Lamivudine;Other antiretroviral drug;Tenofovir;Zidovudine,,,,,,,,,,,,,,,,,,,
1822AAAAAAAAAAAAAAAAAAAAAAAAAAAAAAAA,,Hours,"A duration unit, 60 minutes = 1 hour.",Misc,N/A,,,SNOMED-CT:258702006,HRS,Horas,,,,,,,,,,,,,,,
1734AAAAAAAAAAAAAAAAAAAAAAAAAAAAAAAA,,Years,Interval of duration,Misc,N/A,,,PIH:2287;SNOMED-CT:258707000,yrs,AÃ±os,,Annees,,ane,,,,,,,,,,,
1652AAAAAAAAAAAAAAAAAAAAAAAAAAAAAAAA,,Lamivudine / nevirapine / zidovudine,,Drug,Boolean,,,PIH:1610;RxNORM:687064;SNOMED-CT:424990009,3TC/NVP/AZT,,,Lamivudine/nÃ©virapine/zidovudine,,,,,,,,,,,,,
1274AAAAAAAAAAAAAAAAAAAAAAAAAAAAAAAA,,Moi teaching and referral hospital,"The Moi Teaching and Referral Hospital (MTRH) started as a small cottage hospital in 1917 with a sixty-bed capacity, and evolved into a fully-fledged District Hospital.",Misc,N/A,,,AMPATH:1274;SNOMED-MVP:12741000105009,,,,,,,,,,,,,,,,,
161549AAAAAAAAAAAAAAAAAAAAAAAAAAAAAA,,HIV confirmation location,Indicates the location where the test to confirm HIV infection was done,Misc,Coded,district hospital;Health center hospital;Moi teaching and referral hospital;Other non-coded;Provincial hospital;sub-district hospital,,,,,,,,,,,,,,,,,,,
1074AAAAAAAAAAAAAAAAAAAAAAAAAAAAAAAA,,Months,Generic temporal answer to question.,Misc,N/A,,,AMPATH:1074;PIH:2161;SNOMED-CT:258706009,,Meses,,Mois,,Mwa,,,,,,,,,,,
1072AAAAAAAAAAAAAAAAAAAAAAAAAAAAAAAA,,Days,Generic temporal answer to question.,Misc,N/A,,,AMPATH:1072;SNOMED-CT:258703001,,Dias,,Jours,,Jou,,,,,,,,,,,
1732AAAAAAAAAAAAAAAAAAAAAAAAAAAAAAAA,,Duration units,The units which correspond to the numeric value entered for a duration,Question,Coded,Days;Hours;Minutes;Months;Number of occurrences;Seconds;Weeks;Years,,PIH-Malawi:2286,Units of duration,,,DurÃ©e unitaire,,Init dire,,,,,,,,,,,
972AAAAAAAAAAAAAAAAAAAAAAAAAAAAAAAAA,,Sibling,Family member.,Misc,N/A,,,AMPATH:972;PIH:2178;SNOMED-CT:375005,,Hermano/Hermana,,Enfant de mÃªmes parents,,Pitit menm paran,,,,,,,,,,,
160640AAAAAAAAAAAAAAAAAAAAAAAAAAAAAA,,Treatment supporter relationship to patient,,Question,Coded,Grandparent;Guardian;Other non-coded;Parent;Partner or spouse;Sibling,,,,,,relation des supporters de traitement avec le patient,,relasyon sipÃ²tÃ¨ tretman an avÃ¨k pasyan,,,,,,,,,,,
844AAAAAAAAAAAAAAAAAAAAAAAAAAAAAAAAA,,HIV DNA polymerase chain reaction,Test which is used to detect genetic information inserted into the DNA of human cells by HIV,Test,Coded,,,,HIV DNA PCR,,,VIH ADN reaction en chaÃ®ne par polymerase,,VIH ADN  reyaksyon en chÃ¨n polimerizasyon,,,,,,,,,,,
ca4953af-9ad4-4514-b54a-6832acd7cae9,,Diagnostic HIV Test Type,The type of HIV testing used to make a final diagnosis,Question,Coded,HIV DNA polymerase chain reaction;Rapid test for HIV;Unknown,,,,,,,,,,,,,,,,,,,
792AAAAAAAAAAAAAAAAAAAAAAAAAAAAAAAAA,,Lamivudine / nevirapine / stavudine,Combination antiretroviral drug.,Drug,N/A,,,AMPATH:792;AMPATH:809;PIH:1502;RxNORM:758660;SNOMED-CT:428009005,d4T/3TC/NVP,,,,,,,,,,,,,,,,
1114AAAAAAAAAAAAAAAAAAAAAAAAAAAAAAAA,,Vital signs,Convenience set. Listing of vital signs.,ConvSet,N/A,,Arterial blood oxygen saturation (pulse oximeter);Diastolic blood pressure;Height (cm);Karnofsky performance score;Mid-upper arm circumference;Pulse;Respiratory rate;Systolic blood pressure;TempÃ©rature (c);Weight (kg),AMPATH:1114;CIEL:1114;PIH:1335,Vital Signs,,,Signes vitaux,Signes vitaux,,,,,,,,,,,,
